{
	"rows": [
		{
			"columns": [
				{
					"width": 12,
					"rows": [
						{
							"columns": [
								{
									"width": 6,
									"color": "white",
									"component": "create-invoice"
								},
								{
									"width": 6,
									"color": "white",
									"component": "notice-board"
								}
							]
						}
					]
				}
			]
		},
		{
			"columns": [
				{
					"width": 12,
					"rows": [
						{
							"columns": [
								{
									"width": 12,
									"color": "white",
									"component": "load-invoices"
								}
							]
						}
					]
				}
			]
		}
	]
}